{
  "version": 1,
  "author": "Anonymous maker",
  "editor": "wokwi",
  "parts": [
    { "type": "wokwi-arduino-uno", "id": "uno", "top": 19.8, "left": 47.4, "attrs": {} },
    { "type": "wokwi-led", "id": "led1", "top": -42, "left": 272.6, "attrs": { "color": "red" } },
    {
      "type": "wokwi-led",
      "id": "led2",
      "top": -61.2,
      "left": 195.8,
      "attrs": { "color": "yellow" }
    },
    {
      "type": "wokwi-led",
      "id": "led3",
      "top": -90,
      "left": 243.8,
      "attrs": { "color": "green" }
    }
  ],
  "connections": [
    [ "led1:C", "uno:GND.1", "green", [ "v0", "h-124.4" ] ],
    [ "led2:C", "uno:GND.1", "green", [ "v9.6", "h-47.6" ] ],
    [ "led3:C", "uno:GND.1", "green", [ "v-9.6", "h-95.6" ] ],
    [ "led2:A", "uno:3", "green", [ "v0", "h67.2", "v0", "h-19.2" ] ],
    [ "led1:A", "uno:2", "green", [ "v0" ] ],
    [ "led3:A", "uno:4", "green", [ "v0" ] ]
  ],
  "dependencies": {}
}